timestamp,run_id,algorithm_name,algorithm_version,algorithm_path,instance_name,feasible,stage,objective,score,cost,obj1,obj2,obj3,runtime_sec,runner_elapsed_sec,assigned_blocks,total_blocks,error_message,solution_file,log_file,tester_summary
2026-06-16T10:59:27,smoke_hh_v007_param_targets_20260616_001,baseline_hh,v007_active,challenge_problem_OGC2026\ogc2026\baseline\myalgorithm.py,prob_27.json,True,5,112952433.0,112952433.0,112952433.0,8321.0,3870,5002.0,16.002958,15.792256355285645,150,150,,challenge_problem_OGC2026\reports\ogc2026_benchmark\smoke_hh_v007_param_targets_20260616_001\solutions\baseline_hh__v007_active\prob_27.solution.json,challenge_problem_OGC2026\reports\ogc2026_benchmark\smoke_hh_v007_param_targets_20260616_001\logs\baseline_hh__v007_active\prob_27.log,PASS objective=112952433.0 obj1=8321.0 obj2=3870 obj3=5002.0
2026-06-16T10:59:27,smoke_hh_v007_param_targets_20260616_001,baseline_hh,v007_active,challenge_problem_OGC2026\ogc2026\baseline\myalgorithm.py,prob_31.json,True,5,111387746.0,111387746.0,111387746.0,8168.0,8778,9204.0,14.417277,14.193723440170288,200,200,,challenge_problem_OGC2026\reports\ogc2026_benchmark\smoke_hh_v007_param_targets_20260616_001\solutions\baseline_hh__v007_active\prob_31.solution.json,challenge_problem_OGC2026\reports\ogc2026_benchmark\smoke_hh_v007_param_targets_20260616_001\logs\baseline_hh__v007_active\prob_31.log,PASS objective=111387746.0 obj1=8168.0 obj2=8778 obj3=9204.0
2026-06-16T10:59:27,smoke_hh_v007_param_targets_20260616_001,baseline_hh,v007_active,challenge_problem_OGC2026\ogc2026\baseline\myalgorithm.py,prob_32.json,True,5,21419599.0,21419599.0,21419599.0,5783.0,2252,3556.0,17.342046,17.019097566604614,200,200,,challenge_problem_OGC2026\reports\ogc2026_benchmark\smoke_hh_v007_param_targets_20260616_001\solutions\baseline_hh__v007_active\prob_32.solution.json,challenge_problem_OGC2026\reports\ogc2026_benchmark\smoke_hh_v007_param_targets_20260616_001\logs\baseline_hh__v007_active\prob_32.log,PASS objective=21419599.0 obj1=5783.0 obj2=2252 obj3=3556.0
2026-06-16T10:59:27,smoke_hh_v007_param_targets_20260616_001,baseline_hh,v007_active,challenge_problem_OGC2026\ogc2026\baseline\myalgorithm.py,prob_33.json,True,5,41382938.0,41382938.0,41382938.0,6104.0,1842,4461.0,28.339028,27.132360219955444,200,200,,challenge_problem_OGC2026\reports\ogc2026_benchmark\smoke_hh_v007_param_targets_20260616_001\solutions\baseline_hh__v007_active\prob_33.solution.json,challenge_problem_OGC2026\reports\ogc2026_benchmark\smoke_hh_v007_param_targets_20260616_001\logs\baseline_hh__v007_active\prob_33.log,PASS objective=41382938.0 obj1=6104.0 obj2=1842 obj3=4461.0
2026-06-16T10:59:27,smoke_hh_v007_param_targets_20260616_001,baseline_hh,v007_active,challenge_problem_OGC2026\ogc2026\baseline\myalgorithm.py,prob_34.json,True,5,13609744.0,13609744.0,13609744.0,3553.0,2765,3280.0,19.820455,19.575283527374268,200,200,,challenge_problem_OGC2026\reports\ogc2026_benchmark\smoke_hh_v007_param_targets_20260616_001\solutions\baseline_hh__v007_active\prob_34.solution.json,challenge_problem_OGC2026\reports\ogc2026_benchmark\smoke_hh_v007_param_targets_20260616_001\logs\baseline_hh__v007_active\prob_34.log,PASS objective=13609744.0 obj1=3553.0 obj2=2765 obj3=3280.0
2026-06-16T10:59:27,smoke_hh_v007_param_targets_20260616_001,baseline_hh,v007_active,challenge_problem_OGC2026\ogc2026\baseline\myalgorithm.py,prob_35.json,True,5,44348210.0,44348210.0,44348210.0,3275.0,6417,4337.0,19.144898,18.898030996322632,200,200,,challenge_problem_OGC2026\reports\ogc2026_benchmark\smoke_hh_v007_param_targets_20260616_001\solutions\baseline_hh__v007_active\prob_35.solution.json,challenge_problem_OGC2026\reports\ogc2026_benchmark\smoke_hh_v007_param_targets_20260616_001\logs\baseline_hh__v007_active\prob_35.log,PASS objective=44348210.0 obj1=3275.0 obj2=6417 obj3=4337.0
2026-06-16T10:59:27,smoke_hh_v007_param_targets_20260616_001,baseline_hh,v007_active,challenge_problem_OGC2026\ogc2026\baseline\myalgorithm.py,prob_36.json,True,5,3947054.0,3947054.0,3947054.0,5732.0,4756,9158.0,22.324137,22.106709480285645,250,250,,challenge_problem_OGC2026\reports\ogc2026_benchmark\smoke_hh_v007_param_targets_20260616_001\solutions\baseline_hh__v007_active\prob_36.solution.json,challenge_problem_OGC2026\reports\ogc2026_benchmark\smoke_hh_v007_param_targets_20260616_001\logs\baseline_hh__v007_active\prob_36.log,PASS objective=3947054.0 obj1=5732.0 obj2=4756 obj3=9158.0
2026-06-16T10:59:27,smoke_hh_v007_param_targets_20260616_001,baseline_hh,v007_active,challenge_problem_OGC2026\ogc2026\baseline\myalgorithm.py,prob_37.json,True,5,26584160.0,26584160.0,26584160.0,7132.0,5801,4650.0,19.586340,19.085655450820923,250,250,,challenge_problem_OGC2026\reports\ogc2026_benchmark\smoke_hh_v007_param_targets_20260616_001\solutions\baseline_hh__v007_active\prob_37.solution.json,challenge_problem_OGC2026\reports\ogc2026_benchmark\smoke_hh_v007_param_targets_20260616_001\logs\baseline_hh__v007_active\prob_37.log,PASS objective=26584160.0 obj1=7132.0 obj2=5801 obj3=4650.0
2026-06-16T10:59:27,smoke_hh_v007_param_targets_20260616_001,baseline_hh,v007_active,challenge_problem_OGC2026\ogc2026\baseline\myalgorithm.py,prob_38.json,True,5,341740165.0,341740165.0,341740165.0,25393.0,11748,10506.0,17.751723,17.530396938323975,250,250,,challenge_problem_OGC2026\reports\ogc2026_benchmark\smoke_hh_v007_param_targets_20260616_001\solutions\baseline_hh__v007_active\prob_38.solution.json,challenge_problem_OGC2026\reports\ogc2026_benchmark\smoke_hh_v007_param_targets_20260616_001\logs\baseline_hh__v007_active\prob_38.log,PASS objective=341740165.0 obj1=25393.0 obj2=11748 obj3=10506.0
2026-06-16T10:59:27,smoke_hh_v007_param_targets_20260616_001,baseline_hh,v007_active,challenge_problem_OGC2026\ogc2026\baseline\myalgorithm.py,prob_40.json,True,5,10775714.0,10775714.0,10775714.0,15897.0,11111,12408.0,35.641164,35.413877964019775,250,250,,challenge_problem_OGC2026\reports\ogc2026_benchmark\smoke_hh_v007_param_targets_20260616_001\solutions\baseline_hh__v007_active\prob_40.solution.json,challenge_problem_OGC2026\reports\ogc2026_benchmark\smoke_hh_v007_param_targets_20260616_001\logs\baseline_hh__v007_active\prob_40.log,PASS objective=10775714.0 obj1=15897.0 obj2=11111 obj3=12408.0
